"Classification","Year","Period","Period.Desc.","Aggregate.Level","Is.Leaf.Code","Trade.Flow.Code","Trade.Flow","Reporter.Code","Reporter","Reporter.ISO","Partner.Code","Partner","Partner.ISO","X2nd.Partner.Code","X2nd.Partner","X2nd.Partner.ISO","Customs.Proc..Code","Customs","Mode.of.Transport.Code","Mode.of.Transport","Commodity.Code","Commodity","Qty.Unit.Code","Qty.Unit","Qty","Alt.Qty.Unit.Code","Alt.Qty.Unit","Alt.Qty","Netweight..kg.","Gross.weight..kg.","Trade.Value..US..","CIF.Trade.Value..US..","FOB.Trade.Value..US..","Flag"
"HS",2017,201701,"January 2017",4,0,1,"Imports",31,"Azerbaijan",NA,643,"Russian Federation",NA,NA,NA,NA,NA,NA,NA,NA,302,"Fish; fresh or chilled (excluding fish fillets and other fish meat of heading no. 0304)",NA,NA,NA,NA,NA,NA,2000,NA,5846,NA,NA,0
"HS",2017,201703,"March 2017",4,0,1,"Imports",31,"Azerbaijan",NA,643,"Russian Federation",NA,NA,NA,NA,NA,NA,NA,NA,302,"Fish; fresh or chilled (excluding fish fillets and other fish meat of heading no. 0304)",NA,NA,NA,NA,NA,NA,5057,NA,35400,NA,NA,0
"HS",2017,201710,"October 2017",4,0,1,"Imports",31,"Azerbaijan",NA,643,"Russian Federation",NA,NA,NA,NA,NA,NA,NA,NA,302,"Fish; fresh or chilled (excluding fish fillets and other fish meat of heading no. 0304)",NA,NA,NA,NA,NA,NA,8603,NA,29192,NA,NA,0
"HS",2017,201711,"November 2017",4,0,1,"Imports",31,"Azerbaijan",NA,643,"Russian Federation",NA,NA,NA,NA,NA,NA,NA,NA,302,"Fish; fresh or chilled (excluding fish fillets and other fish meat of heading no. 0304)",NA,NA,NA,NA,NA,NA,8388,NA,40532,NA,NA,0
"HS",2017,201712,"December 2017",4,0,1,"Imports",31,"Azerbaijan",NA,643,"Russian Federation",NA,NA,NA,NA,NA,NA,NA,NA,302,"Fish; fresh or chilled (excluding fish fillets and other fish meat of heading no. 0304)",NA,NA,NA,NA,NA,NA,9260,NA,96217,NA,NA,0
"HS",2017,201701,"January 2017",4,0,1,"Imports",51,"Armenia",NA,643,"Russian Federation",NA,NA,NA,NA,NA,NA,NA,NA,302,"Fish; fresh or chilled (excluding fish fillets and other fish meat of heading no. 0304)",NA,NA,NA,NA,NA,NA,10,NA,96,NA,NA,0
"HS",2017,201703,"March 2017",4,0,1,"Imports",51,"Armenia",NA,643,"Russian Federation",NA,NA,NA,NA,NA,NA,NA,NA,302,"Fish; fresh or chilled (excluding fish fillets and other fish meat of heading no. 0304)",NA,NA,NA,NA,NA,NA,16,NA,152,NA,NA,0
"HS",2017,201704,"April 2017",4,0,1,"Imports",51,"Armenia",NA,643,"Russian Federation",NA,NA,NA,NA,NA,NA,NA,NA,302,"Fish; fresh or chilled (excluding fish fillets and other fish meat of heading no. 0304)",NA,NA,NA,NA,NA,NA,1021,NA,10254,NA,NA,0
"HS",2017,201705,"May 2017",4,0,1,"Imports",51,"Armenia",NA,643,"Russian Federation",NA,NA,NA,NA,NA,NA,NA,NA,302,"Fish; fresh or chilled (excluding fish fillets and other fish meat of heading no. 0304)",NA,NA,NA,NA,NA,NA,498,NA,5206,NA,NA,0
"HS",2017,201706,"June 2017",4,0,1,"Imports",51,"Armenia",NA,643,"Russian Federation",NA,NA,NA,NA,NA,NA,NA,NA,302,"Fish; fresh or chilled (excluding fish fillets and other fish meat of heading no. 0304)",NA,NA,NA,NA,NA,NA,301,NA,2983,NA,NA,0
"HS",2017,201707,"July 2017",4,0,1,"Imports",51,"Armenia",NA,643,"Russian Federation",NA,NA,NA,NA,NA,NA,NA,NA,302,"Fish; fresh or chilled (excluding fish fillets and other fish meat of heading no. 0304)",NA,NA,NA,NA,NA,NA,931,NA,10902,NA,NA,0
"HS",2017,201708,"August 2017",4,0,1,"Imports",51,"Armenia",NA,643,"Russian Federation",NA,NA,NA,NA,NA,NA,NA,NA,302,"Fish; fresh or chilled (excluding fish fillets and other fish meat of heading no. 0304)",NA,NA,NA,NA,NA,NA,932,NA,11158,NA,NA,0
"HS",2017,201710,"October 2017",4,0,1,"Imports",51,"Armenia",NA,643,"Russian Federation",NA,NA,NA,NA,NA,NA,NA,NA,302,"Fish; fresh or chilled (excluding fish fillets and other fish meat of heading no. 0304)",NA,NA,NA,NA,NA,NA,33,NA,217,NA,NA,0
"HS",2017,201712,"December 2017",4,0,1,"Imports",51,"Armenia",NA,643,"Russian Federation",NA,NA,NA,NA,NA,NA,NA,NA,302,"Fish; fresh or chilled (excluding fish fillets and other fish meat of heading no. 0304)",NA,NA,NA,NA,NA,NA,39,NA,247,NA,NA,0
"HS",2017,201701,"January 2017",4,0,1,"Imports",97,"EU-28",NA,643,"Russian Federation",NA,NA,NA,NA,NA,NA,NA,NA,302,"Fish; fresh or chilled (excluding fish fillets and other fish meat of heading no. 0304)",NA,NA,NA,NA,NA,NA,2440,NA,12072,NA,NA,0
"HS",2017,201702,"February 2017",4,0,1,"Imports",97,"EU-28",NA,643,"Russian Federation",NA,NA,NA,NA,NA,NA,NA,NA,302,"Fish; fresh or chilled (excluding fish fillets and other fish meat of heading no. 0304)",NA,NA,NA,NA,NA,NA,2550,NA,13944,NA,NA,0
"HS",2017,201703,"March 2017",4,0,1,"Imports",97,"EU-28",NA,643,"Russian Federation",NA,NA,NA,NA,NA,NA,NA,NA,302,"Fish; fresh or chilled (excluding fish fillets and other fish meat of heading no. 0304)",NA,NA,NA,NA,NA,NA,1780,NA,11653,NA,NA,0
"HS",2017,201704,"April 2017",4,0,1,"Imports",97,"EU-28",NA,643,"Russian Federation",NA,NA,NA,NA,NA,NA,NA,NA,302,"Fish; fresh or chilled (excluding fish fillets and other fish meat of heading no. 0304)",NA,NA,NA,NA,NA,NA,300,NA,1841,NA,NA,0
"HS",2017,201705,"May 2017",4,0,1,"Imports",97,"EU-28",NA,643,"Russian Federation",NA,NA,NA,NA,NA,NA,NA,NA,302,"Fish; fresh or chilled (excluding fish fillets and other fish meat of heading no. 0304)",NA,NA,NA,NA,NA,NA,1350,NA,9517,NA,NA,0
"HS",2017,201706,"June 2017",4,0,1,"Imports",97,"EU-28",NA,643,"Russian Federation",NA,NA,NA,NA,NA,NA,NA,NA,302,"Fish; fresh or chilled (excluding fish fillets and other fish meat of heading no. 0304)",NA,NA,NA,NA,NA,NA,1650,NA,11638,NA,NA,0
"HS",2017,201707,"July 2017",4,0,1,"Imports",97,"EU-28",NA,643,"Russian Federation",NA,NA,NA,NA,NA,NA,NA,NA,302,"Fish; fresh or chilled (excluding fish fillets and other fish meat of heading no. 0304)",NA,NA,NA,NA,NA,NA,3310,NA,22960,NA,NA,0
"HS",2017,201708,"August 2017",4,0,1,"Imports",97,"EU-28",NA,643,"Russian Federation",NA,NA,NA,NA,NA,NA,NA,NA,302,"Fish; fresh or chilled (excluding fish fillets and other fish meat of heading no. 0304)",NA,NA,NA,NA,NA,NA,480,NA,3843,NA,NA,0
"HS",2017,201709,"September 2017",4,0,1,"Imports",97,"EU-28",NA,643,"Russian Federation",NA,NA,NA,NA,NA,NA,NA,NA,302,"Fish; fresh or chilled (excluding fish fillets and other fish meat of heading no. 0304)",NA,NA,NA,NA,NA,NA,2470,NA,18512,NA,NA,0
"HS",2017,201710,"October 2017",4,0,1,"Imports",97,"EU-28",NA,643,"Russian Federation",NA,NA,NA,NA,NA,NA,NA,NA,302,"Fish; fresh or chilled (excluding fish fillets and other fish meat of heading no. 0304)",NA,NA,NA,NA,NA,NA,1040,NA,7708,NA,NA,0
"HS",2017,201711,"November 2017",4,0,1,"Imports",97,"EU-28",NA,643,"Russian Federation",NA,NA,NA,NA,NA,NA,NA,NA,302,"Fish; fresh or chilled (excluding fish fillets and other fish meat of heading no. 0304)",NA,NA,NA,NA,NA,NA,1150,NA,9046,NA,NA,0
"HS",2017,201712,"December 2017",4,0,1,"Imports",97,"EU-28",NA,643,"Russian Federation",NA,NA,NA,NA,NA,NA,NA,NA,302,"Fish; fresh or chilled (excluding fish fillets and other fish meat of heading no. 0304)",NA,NA,NA,NA,NA,NA,2500,NA,20237,NA,NA,0
"HS",2017,201712,"December 2017",4,0,1,"Imports",104,"Myanmar",NA,643,"Russian Federation",NA,NA,NA,NA,NA,NA,NA,NA,302,"Fish; fresh or chilled (excluding fish fillets and other fish meat of heading no. 0304)",NA,NA,NA,NA,NA,NA,200,NA,3600,NA,NA,0
"HS",2017,201701,"January 2017",4,0,1,"Imports",112,"Belarus",NA,643,"Russian Federation",NA,NA,NA,NA,NA,NA,NA,NA,302,"Fish; fresh or chilled (excluding fish fillets and other fish meat of heading no. 0304)",NA,NA,NA,NA,NA,NA,1952,NA,12900,NA,NA,0
"HS",2017,201702,"February 2017",4,0,1,"Imports",112,"Belarus",NA,643,"Russian Federation",NA,NA,NA,NA,NA,NA,NA,NA,302,"Fish; fresh or chilled (excluding fish fillets and other fish meat of heading no. 0304)",NA,NA,NA,NA,NA,NA,2347,NA,17700,NA,NA,0
"HS",2017,201703,"March 2017",4,0,1,"Imports",112,"Belarus",NA,643,"Russian Federation",NA,NA,NA,NA,NA,NA,NA,NA,302,"Fish; fresh or chilled (excluding fish fillets and other fish meat of heading no. 0304)",NA,NA,NA,NA,NA,NA,2917,NA,18000,NA,NA,0
"HS",2017,201704,"April 2017",4,0,1,"Imports",112,"Belarus",NA,643,"Russian Federation",NA,NA,NA,NA,NA,NA,NA,NA,302,"Fish; fresh or chilled (excluding fish fillets and other fish meat of heading no. 0304)",NA,NA,NA,NA,NA,NA,9957,NA,74600,NA,NA,0
"HS",2017,201705,"May 2017",4,0,1,"Imports",112,"Belarus",NA,643,"Russian Federation",NA,NA,NA,NA,NA,NA,NA,NA,302,"Fish; fresh or chilled (excluding fish fillets and other fish meat of heading no. 0304)",NA,NA,NA,NA,NA,NA,17607,NA,129100,NA,NA,0
"HS",2017,201706,"June 2017",4,0,1,"Imports",112,"Belarus",NA,643,"Russian Federation",NA,NA,NA,NA,NA,NA,NA,NA,302,"Fish; fresh or chilled (excluding fish fillets and other fish meat of heading no. 0304)",NA,NA,NA,NA,NA,NA,2867,NA,17800,NA,NA,0
"HS",2017,201707,"July 2017",4,0,1,"Imports",112,"Belarus",NA,643,"Russian Federation",NA,NA,NA,NA,NA,NA,NA,NA,302,"Fish; fresh or chilled (excluding fish fillets and other fish meat of heading no. 0304)",NA,NA,NA,NA,NA,NA,2971,NA,18600,NA,NA,0
"HS",2017,201708,"August 2017",4,0,1,"Imports",112,"Belarus",NA,643,"Russian Federation",NA,NA,NA,NA,NA,NA,NA,NA,302,"Fish; fresh or chilled (excluding fish fillets and other fish meat of heading no. 0304)",NA,NA,NA,NA,NA,NA,4073,NA,26600,NA,NA,0
"HS",2017,201709,"September 2017",4,0,1,"Imports",112,"Belarus",NA,643,"Russian Federation",NA,NA,NA,NA,NA,NA,NA,NA,302,"Fish; fresh or chilled (excluding fish fillets and other fish meat of heading no. 0304)",NA,NA,NA,NA,NA,NA,3435,NA,23500,NA,NA,0
"HS",2017,201710,"October 2017",4,0,1,"Imports",112,"Belarus",NA,643,"Russian Federation",NA,NA,NA,NA,NA,NA,NA,NA,302,"Fish; fresh or chilled (excluding fish fillets and other fish meat of heading no. 0304)",NA,NA,NA,NA,NA,NA,3751,NA,24600,NA,NA,0
"HS",2017,201711,"November 2017",4,0,1,"Imports",112,"Belarus",NA,643,"Russian Federation",NA,NA,NA,NA,NA,NA,NA,NA,302,"Fish; fresh or chilled (excluding fish fillets and other fish meat of heading no. 0304)",NA,NA,NA,NA,NA,NA,4436,NA,26900,NA,NA,0
"HS",2017,201712,"December 2017",4,0,1,"Imports",112,"Belarus",NA,643,"Russian Federation",NA,NA,NA,NA,NA,NA,NA,NA,302,"Fish; fresh or chilled (excluding fish fillets and other fish meat of heading no. 0304)",NA,NA,NA,NA,NA,NA,4521,NA,28200,NA,NA,0
"HS",2017,201701,"January 2017",4,0,1,"Imports",124,"Canada",NA,643,"Russian Federation",NA,NA,NA,NA,NA,NA,NA,NA,302,"Fish; fresh or chilled (excluding fish fillets and other fish meat of heading no. 0304)",NA,NA,NA,NA,NA,NA,17,NA,151,NA,NA,0
"HS",2017,201712,"December 2017",4,0,1,"Imports",124,"Canada",NA,643,"Russian Federation",NA,NA,NA,NA,NA,NA,NA,NA,302,"Fish; fresh or chilled (excluding fish fillets and other fish meat of heading no. 0304)",NA,NA,NA,NA,NA,NA,299,NA,1659,NA,NA,0
"HS",2017,201701,"January 2017",4,0,1,"Imports",156,"China",NA,643,"Russian Federation",NA,NA,NA,NA,NA,NA,NA,NA,302,"Fish; fresh or chilled (excluding fish fillets and other fish meat of heading no. 0304)",NA,NA,NA,NA,NA,NA,18804,NA,169549,NA,NA,0
"HS",2017,201709,"September 2017",4,0,1,"Imports",156,"China",NA,643,"Russian Federation",NA,NA,NA,NA,NA,NA,NA,NA,302,"Fish; fresh or chilled (excluding fish fillets and other fish meat of heading no. 0304)",NA,NA,NA,NA,NA,NA,10240,NA,83628,NA,NA,0
"HS",2017,201710,"October 2017",4,0,1,"Imports",156,"China",NA,643,"Russian Federation",NA,NA,NA,NA,NA,NA,NA,NA,302,"Fish; fresh or chilled (excluding fish fillets and other fish meat of heading no. 0304)",NA,NA,NA,NA,NA,NA,21696,NA,195627,NA,NA,0
"HS",2017,201701,"January 2017",4,0,1,"Imports",233,"Estonia",NA,643,"Russian Federation",NA,NA,NA,NA,NA,NA,NA,NA,302,"Fish; fresh or chilled (excluding fish fillets and other fish meat of heading no. 0304)",NA,NA,NA,NA,NA,NA,360,NA,841,NA,NA,0
"HS",2017,201707,"July 2017",4,0,1,"Imports",233,"Estonia",NA,643,"Russian Federation",NA,NA,NA,NA,NA,NA,NA,NA,302,"Fish; fresh or chilled (excluding fish fillets and other fish meat of heading no. 0304)",NA,NA,NA,NA,NA,NA,500,NA,575,NA,NA,0
"HS",2017,201708,"August 2017",4,0,1,"Imports",233,"Estonia",NA,643,"Russian Federation",NA,NA,NA,NA,NA,NA,NA,NA,302,"Fish; fresh or chilled (excluding fish fillets and other fish meat of heading no. 0304)",NA,NA,NA,NA,NA,NA,480,NA,3829,NA,NA,0
"HS",2017,201709,"September 2017",4,0,1,"Imports",233,"Estonia",NA,643,"Russian Federation",NA,NA,NA,NA,NA,NA,NA,NA,302,"Fish; fresh or chilled (excluding fish fillets and other fish meat of heading no. 0304)",NA,NA,NA,NA,NA,NA,2000,NA,15179,NA,NA,0
"HS",2017,201710,"October 2017",4,0,1,"Imports",233,"Estonia",NA,643,"Russian Federation",NA,NA,NA,NA,NA,NA,NA,NA,302,"Fish; fresh or chilled (excluding fish fillets and other fish meat of heading no. 0304)",NA,NA,NA,NA,NA,NA,890,NA,6597,NA,NA,0
"HS",2017,201711,"November 2017",4,0,1,"Imports",233,"Estonia",NA,643,"Russian Federation",NA,NA,NA,NA,NA,NA,NA,NA,302,"Fish; fresh or chilled (excluding fish fillets and other fish meat of heading no. 0304)",NA,NA,NA,NA,NA,NA,650,NA,4672,NA,NA,0
"HS",2017,201712,"December 2017",4,0,1,"Imports",233,"Estonia",NA,643,"Russian Federation",NA,NA,NA,NA,NA,NA,NA,NA,302,"Fish; fresh or chilled (excluding fish fillets and other fish meat of heading no. 0304)",NA,NA,NA,NA,NA,NA,850,NA,6548,NA,NA,0
"HS",2017,201701,"January 2017",4,0,1,"Imports",251,"France",NA,643,"Russian Federation",NA,NA,NA,NA,NA,NA,NA,NA,302,"Fish; fresh or chilled (excluding fish fillets and other fish meat of heading no. 0304)",NA,NA,NA,NA,NA,NA,743,NA,9651,NA,NA,0
"HS",2017,201702,"February 2017",4,0,1,"Imports",251,"France",NA,643,"Russian Federation",NA,NA,NA,NA,NA,NA,NA,NA,302,"Fish; fresh or chilled (excluding fish fillets and other fish meat of heading no. 0304)",NA,NA,NA,NA,NA,NA,291,NA,2504,NA,NA,0
"HS",2017,201703,"March 2017",4,0,1,"Imports",251,"France",NA,643,"Russian Federation",NA,NA,NA,NA,NA,NA,NA,NA,302,"Fish; fresh or chilled (excluding fish fillets and other fish meat of heading no. 0304)",NA,NA,NA,NA,NA,NA,457,NA,4022,NA,NA,0
"HS",2017,201704,"April 2017",4,0,1,"Imports",251,"France",NA,643,"Russian Federation",NA,NA,NA,NA,NA,NA,NA,NA,302,"Fish; fresh or chilled (excluding fish fillets and other fish meat of heading no. 0304)",NA,NA,NA,NA,NA,NA,267,NA,2534,NA,NA,0
"HS",2017,201705,"May 2017",4,0,1,"Imports",251,"France",NA,643,"Russian Federation",NA,NA,NA,NA,NA,NA,NA,NA,302,"Fish; fresh or chilled (excluding fish fillets and other fish meat of heading no. 0304)",NA,NA,NA,NA,NA,NA,2171,NA,15074,NA,NA,0
"HS",2017,201706,"June 2017",4,0,1,"Imports",251,"France",NA,643,"Russian Federation",NA,NA,NA,NA,NA,NA,NA,NA,302,"Fish; fresh or chilled (excluding fish fillets and other fish meat of heading no. 0304)",NA,NA,NA,NA,NA,NA,178,NA,1805,NA,NA,0
"HS",2017,201707,"July 2017",4,0,1,"Imports",251,"France",NA,643,"Russian Federation",NA,NA,NA,NA,NA,NA,NA,NA,302,"Fish; fresh or chilled (excluding fish fillets and other fish meat of heading no. 0304)",NA,NA,NA,NA,NA,NA,12,NA,166,NA,NA,0
"HS",2017,201709,"September 2017",4,0,1,"Imports",251,"France",NA,643,"Russian Federation",NA,NA,NA,NA,NA,NA,NA,NA,302,"Fish; fresh or chilled (excluding fish fillets and other fish meat of heading no. 0304)",NA,NA,NA,NA,NA,NA,202,NA,2056,NA,NA,0
"HS",2017,201710,"October 2017",4,0,1,"Imports",251,"France",NA,643,"Russian Federation",NA,NA,NA,NA,NA,NA,NA,NA,302,"Fish; fresh or chilled (excluding fish fillets and other fish meat of heading no. 0304)",NA,NA,NA,NA,NA,NA,719,NA,6950,NA,NA,0
"HS",2017,201711,"November 2017",4,0,1,"Imports",251,"France",NA,643,"Russian Federation",NA,NA,NA,NA,NA,NA,NA,NA,302,"Fish; fresh or chilled (excluding fish fillets and other fish meat of heading no. 0304)",NA,NA,NA,NA,NA,NA,386,NA,3744,NA,NA,0
"HS",2017,201712,"December 2017",4,0,1,"Imports",251,"France",NA,643,"Russian Federation",NA,NA,NA,NA,NA,NA,NA,NA,302,"Fish; fresh or chilled (excluding fish fillets and other fish meat of heading no. 0304)",NA,NA,NA,NA,NA,NA,487,NA,4856,NA,NA,0
"HS",2017,201706,"June 2017",4,0,1,"Imports",268,"Georgia",NA,643,"Russian Federation",NA,NA,NA,NA,NA,NA,NA,NA,302,"Fish; fresh or chilled (excluding fish fillets and other fish meat of heading no. 0304)",NA,NA,NA,NA,NA,NA,15100,NA,8987,NA,NA,0
"HS",2017,201701,"January 2017",4,0,1,"Imports",352,"Iceland",NA,643,"Russian Federation",NA,NA,NA,NA,NA,NA,NA,NA,302,"Fish; fresh or chilled (excluding fish fillets and other fish meat of heading no. 0304)",NA,NA,NA,NA,NA,NA,2599,NA,5879,NA,NA,0
"HS",2017,201708,"August 2017",4,0,1,"Imports",360,"Indonesia",NA,643,"Russian Federation",NA,NA,NA,NA,NA,NA,NA,NA,302,"Fish; fresh or chilled (excluding fish fillets and other fish meat of heading no. 0304)",NA,NA,NA,NA,NA,NA,1089,NA,3138,NA,NA,0
"HS",2017,201706,"June 2017",4,0,1,"Imports",392,"Japan",NA,643,"Russian Federation",NA,NA,NA,NA,NA,NA,NA,NA,302,"Fish; fresh or chilled (excluding fish fillets and other fish meat of heading no. 0304)",NA,NA,NA,NA,NA,NA,4988,NA,99048,NA,NA,0
"HS",2017,201707,"July 2017",4,0,1,"Imports",392,"Japan",NA,643,"Russian Federation",NA,NA,NA,NA,NA,NA,NA,NA,302,"Fish; fresh or chilled (excluding fish fillets and other fish meat of heading no. 0304)",NA,NA,NA,NA,NA,NA,12653,NA,265824,NA,NA,0
"HS",2017,201708,"August 2017",4,0,1,"Imports",392,"Japan",NA,643,"Russian Federation",NA,NA,NA,NA,NA,NA,NA,NA,302,"Fish; fresh or chilled (excluding fish fillets and other fish meat of heading no. 0304)",NA,NA,NA,NA,NA,NA,7781,NA,167373,NA,NA,0
"HS",2017,201709,"September 2017",4,0,1,"Imports",392,"Japan",NA,643,"Russian Federation",NA,NA,NA,NA,NA,NA,NA,NA,302,"Fish; fresh or chilled (excluding fish fillets and other fish meat of heading no. 0304)",NA,NA,NA,NA,NA,NA,6091,NA,128065,NA,NA,0
"HS",2017,201710,"October 2017",4,0,1,"Imports",392,"Japan",NA,643,"Russian Federation",NA,NA,NA,NA,NA,NA,NA,NA,302,"Fish; fresh or chilled (excluding fish fillets and other fish meat of heading no. 0304)",NA,NA,NA,NA,NA,NA,6983,NA,147552,NA,NA,0
"HS",2017,201711,"November 2017",4,0,1,"Imports",392,"Japan",NA,643,"Russian Federation",NA,NA,NA,NA,NA,NA,NA,NA,302,"Fish; fresh or chilled (excluding fish fillets and other fish meat of heading no. 0304)",NA,NA,NA,NA,NA,NA,2773,NA,57711,NA,NA,0
"HS",2017,201712,"December 2017",4,0,1,"Imports",392,"Japan",NA,643,"Russian Federation",NA,NA,NA,NA,NA,NA,NA,NA,302,"Fish; fresh or chilled (excluding fish fillets and other fish meat of heading no. 0304)",NA,NA,NA,NA,NA,NA,620,NA,12439,NA,NA,0
"HS",2017,201708,"August 2017",4,0,1,"Imports",417,"Kyrgyzstan",NA,643,"Russian Federation",NA,NA,NA,NA,NA,NA,NA,NA,302,"Fish; fresh or chilled (excluding fish fillets and other fish meat of heading no. 0304)",NA,NA,NA,NA,NA,NA,300,NA,1225,NA,NA,0
"HS",2017,201708,"August 2017",4,0,1,"Imports",398,"Kazakhstan",NA,643,"Russian Federation",NA,NA,NA,NA,NA,NA,NA,NA,302,"Fish; fresh or chilled (excluding fish fillets and other fish meat of heading no. 0304)",NA,NA,NA,NA,NA,NA,26907,NA,19008,NA,NA,0
"HS",2017,201711,"November 2017",4,0,1,"Imports",703,"Slovakia",NA,643,"Russian Federation",NA,NA,NA,NA,NA,NA,NA,NA,302,"Fish; fresh or chilled (excluding fish fillets and other fish meat of heading no. 0304)",NA,NA,NA,NA,NA,NA,1026,NA,9109,NA,NA,0
"HS",2017,201707,"July 2017",4,0,1,"Imports",702,"Singapore",NA,643,"Russian Federation",NA,NA,NA,NA,NA,NA,NA,NA,302,"Fish; fresh or chilled (excluding fish fillets and other fish meat of heading no. 0304)",NA,NA,NA,NA,NA,NA,8,NA,37,NA,NA,0
"HS",2017,201702,"February 2017",4,0,1,"Imports",398,"Kazakhstan",NA,643,"Russian Federation",NA,NA,NA,NA,NA,NA,NA,NA,302,"Fish; fresh or chilled (excluding fish fillets and other fish meat of heading no. 0304)",NA,NA,NA,NA,NA,NA,27117,NA,46986,NA,NA,0
"HS",2017,201707,"July 2017",4,0,1,"Imports",398,"Kazakhstan",NA,643,"Russian Federation",NA,NA,NA,NA,NA,NA,NA,NA,302,"Fish; fresh or chilled (excluding fish fillets and other fish meat of heading no. 0304)",NA,NA,NA,NA,NA,NA,18931,NA,22896,NA,NA,0
"HS",2017,201701,"January 2017",4,0,1,"Imports",528,"Netherlands",NA,643,"Russian Federation",NA,NA,NA,NA,NA,NA,NA,NA,302,"Fish; fresh or chilled (excluding fish fillets and other fish meat of heading no. 0304)",NA,NA,NA,NA,NA,NA,2080,NA,11232,NA,NA,0
"HS",2017,201702,"February 2017",4,0,1,"Imports",528,"Netherlands",NA,643,"Russian Federation",NA,NA,NA,NA,NA,NA,NA,NA,302,"Fish; fresh or chilled (excluding fish fillets and other fish meat of heading no. 0304)",NA,NA,NA,NA,NA,NA,2550,NA,13944,NA,NA,0
"HS",2017,201705,"May 2017",4,0,1,"Imports",528,"Netherlands",NA,643,"Russian Federation",NA,NA,NA,NA,NA,NA,NA,NA,302,"Fish; fresh or chilled (excluding fish fillets and other fish meat of heading no. 0304)",NA,NA,NA,NA,NA,NA,1350,NA,9517,NA,NA,0
"HS",2017,201703,"March 2017",4,0,1,"Imports",528,"Netherlands",NA,643,"Russian Federation",NA,NA,NA,NA,NA,NA,NA,NA,302,"Fish; fresh or chilled (excluding fish fillets and other fish meat of heading no. 0304)",NA,NA,NA,NA,NA,NA,1780,NA,11653,NA,NA,0
"HS",2017,201706,"June 2017",4,0,1,"Imports",703,"Slovakia",NA,643,"Russian Federation",NA,NA,NA,NA,NA,NA,NA,NA,302,"Fish; fresh or chilled (excluding fish fillets and other fish meat of heading no. 0304)",NA,NA,NA,NA,NA,NA,447,NA,4204,NA,NA,0
"HS",2017,201704,"April 2017",4,0,1,"Imports",528,"Netherlands",NA,643,"Russian Federation",NA,NA,NA,NA,NA,NA,NA,NA,302,"Fish; fresh or chilled (excluding fish fillets and other fish meat of heading no. 0304)",NA,NA,NA,NA,NA,NA,300,NA,1841,NA,NA,0
"HS",2017,201706,"June 2017",4,0,1,"Imports",528,"Netherlands",NA,643,"Russian Federation",NA,NA,NA,NA,NA,NA,NA,NA,302,"Fish; fresh or chilled (excluding fish fillets and other fish meat of heading no. 0304)",NA,NA,NA,NA,NA,NA,1650,NA,11638,NA,NA,0
"HS",2017,201707,"July 2017",4,0,1,"Imports",528,"Netherlands",NA,643,"Russian Federation",NA,NA,NA,NA,NA,NA,NA,NA,302,"Fish; fresh or chilled (excluding fish fillets and other fish meat of heading no. 0304)",NA,NA,NA,NA,NA,NA,2810,NA,22385,NA,NA,0
"HS",2017,201705,"May 2017",4,0,1,"Imports",784,"United Arab Emirates",NA,643,"Russian Federation",NA,NA,NA,NA,NA,NA,NA,NA,302,"Fish; fresh or chilled (excluding fish fillets and other fish meat of heading no. 0304)",NA,NA,NA,NA,NA,NA,267,NA,740,NA,NA,0
"HS",2017,201708,"August 2017",4,0,1,"Imports",480,"Mauritius",NA,643,"Russian Federation",NA,NA,NA,NA,NA,NA,NA,NA,302,"Fish; fresh or chilled (excluding fish fillets and other fish meat of heading no. 0304)",NA,NA,NA,NA,NA,NA,243,NA,2094,NA,NA,0
"HS",2017,201703,"March 2017",4,0,1,"Imports",398,"Kazakhstan",NA,643,"Russian Federation",NA,NA,NA,NA,NA,NA,NA,NA,302,"Fish; fresh or chilled (excluding fish fillets and other fish meat of heading no. 0304)",NA,NA,NA,NA,NA,NA,11991,NA,18001,NA,NA,0
"HS",2017,201705,"May 2017",4,0,1,"Imports",398,"Kazakhstan",NA,643,"Russian Federation",NA,NA,NA,NA,NA,NA,NA,NA,302,"Fish; fresh or chilled (excluding fish fillets and other fish meat of heading no. 0304)",NA,NA,NA,NA,NA,NA,3913,NA,10597,NA,NA,0
"HS",2017,201706,"June 2017",4,0,1,"Imports",480,"Mauritius",NA,643,"Russian Federation",NA,NA,NA,NA,NA,NA,NA,NA,302,"Fish; fresh or chilled (excluding fish fillets and other fish meat of heading no. 0304)",NA,NA,NA,NA,NA,NA,462,NA,4228,NA,NA,0
"HS",2017,201706,"June 2017",4,0,1,"Imports",398,"Kazakhstan",NA,643,"Russian Federation",NA,NA,NA,NA,NA,NA,NA,NA,302,"Fish; fresh or chilled (excluding fish fillets and other fish meat of heading no. 0304)",NA,NA,NA,NA,NA,NA,26186,NA,37225,NA,NA,0
"HS",2017,201709,"September 2017",4,0,1,"Imports",528,"Netherlands",NA,643,"Russian Federation",NA,NA,NA,NA,NA,NA,NA,NA,302,"Fish; fresh or chilled (excluding fish fillets and other fish meat of heading no. 0304)",NA,NA,NA,NA,NA,NA,470,NA,3332,NA,NA,0
"HS",2017,201708,"August 2017",4,0,1,"Imports",702,"Singapore",NA,643,"Russian Federation",NA,NA,NA,NA,NA,NA,NA,NA,302,"Fish; fresh or chilled (excluding fish fillets and other fish meat of heading no. 0304)",NA,NA,NA,NA,NA,NA,37,NA,387,NA,NA,0
"HS",2017,201712,"December 2017",4,0,1,"Imports",702,"Singapore",NA,643,"Russian Federation",NA,NA,NA,NA,NA,NA,NA,NA,302,"Fish; fresh or chilled (excluding fish fillets and other fish meat of heading no. 0304)",NA,NA,NA,NA,NA,NA,10,NA,441,NA,NA,0
"HS",2017,201710,"October 2017",4,0,1,"Imports",480,"Mauritius",NA,643,"Russian Federation",NA,NA,NA,NA,NA,NA,NA,NA,302,"Fish; fresh or chilled (excluding fish fillets and other fish meat of heading no. 0304)",NA,NA,NA,NA,NA,NA,137,NA,2121,NA,NA,0
"HS",2017,201710,"October 2017",4,0,1,"Imports",703,"Slovakia",NA,643,"Russian Federation",NA,NA,NA,NA,NA,NA,NA,NA,302,"Fish; fresh or chilled (excluding fish fillets and other fish meat of heading no. 0304)",NA,NA,NA,NA,NA,NA,924,NA,9259,NA,NA,0
"HS",2017,201703,"March 2017",4,0,1,"Imports",764,"Thailand",NA,643,"Russian Federation",NA,NA,NA,NA,NA,NA,NA,NA,302,"Fish; fresh or chilled (excluding fish fillets and other fish meat of heading no. 0304)",NA,NA,NA,NA,NA,NA,1,NA,56,NA,NA,0
"HS",2017,201706,"June 2017",4,0,1,"Imports",784,"United Arab Emirates",NA,643,"Russian Federation",NA,NA,NA,NA,NA,NA,NA,NA,302,"Fish; fresh or chilled (excluding fish fillets and other fish meat of heading no. 0304)",NA,NA,NA,NA,NA,NA,16,NA,70,NA,NA,0
"HS",2017,201706,"June 2017",4,0,1,"Imports",702,"Singapore",NA,643,"Russian Federation",NA,NA,NA,NA,NA,NA,NA,NA,302,"Fish; fresh or chilled (excluding fish fillets and other fish meat of heading no. 0304)",NA,NA,NA,NA,NA,NA,11,NA,89,NA,NA,0
"HS",2017,201709,"September 2017",4,0,1,"Imports",417,"Kyrgyzstan",NA,643,"Russian Federation",NA,NA,NA,NA,NA,NA,NA,NA,302,"Fish; fresh or chilled (excluding fish fillets and other fish meat of heading no. 0304)",NA,NA,NA,NA,NA,NA,13298,NA,12848,NA,NA,0
"HS",2017,201704,"April 2017",4,0,1,"Imports",410,"Rep. of Korea",NA,643,"Russian Federation",NA,NA,NA,NA,NA,NA,NA,NA,302,"Fish; fresh or chilled (excluding fish fillets and other fish meat of heading no. 0304)",NA,NA,NA,NA,NA,NA,230,NA,1012,NA,NA,0
"HS",2017,201705,"May 2017",4,0,1,"Imports",410,"Rep. of Korea",NA,643,"Russian Federation",NA,NA,NA,NA,NA,NA,NA,NA,302,"Fish; fresh or chilled (excluding fish fillets and other fish meat of heading no. 0304)",NA,NA,NA,NA,NA,NA,10000,NA,17779,NA,NA,0
"HS",2017,201709,"September 2017",4,0,1,"Imports",702,"Singapore",NA,643,"Russian Federation",NA,NA,NA,NA,NA,NA,NA,NA,302,"Fish; fresh or chilled (excluding fish fillets and other fish meat of heading no. 0304)",NA,NA,NA,NA,NA,NA,2,NA,22,NA,NA,0
"HS",2017,201704,"April 2017",4,0,1,"Imports",398,"Kazakhstan",NA,643,"Russian Federation",NA,NA,NA,NA,NA,NA,NA,NA,302,"Fish; fresh or chilled (excluding fish fillets and other fish meat of heading no. 0304)",NA,NA,NA,NA,NA,NA,17237,NA,28254,NA,NA,0
"HS",2017,201709,"September 2017",4,0,1,"Imports",703,"Slovakia",NA,643,"Russian Federation",NA,NA,NA,NA,NA,NA,NA,NA,302,"Fish; fresh or chilled (excluding fish fillets and other fish meat of heading no. 0304)",NA,NA,NA,NA,NA,NA,797,NA,8020,NA,NA,0
"HS",2017,201704,"April 2017",4,0,1,"Imports",784,"United Arab Emirates",NA,643,"Russian Federation",NA,NA,NA,NA,NA,NA,NA,NA,302,"Fish; fresh or chilled (excluding fish fillets and other fish meat of heading no. 0304)",NA,NA,NA,NA,NA,NA,3,NA,25,NA,NA,0
"HS",2017,201705,"May 2017",4,0,1,"Imports",792,"Turkey",NA,643,"Russian Federation",NA,NA,NA,NA,NA,NA,NA,NA,302,"Fish; fresh or chilled (excluding fish fillets and other fish meat of heading no. 0304)",NA,NA,NA,NA,NA,NA,14034,NA,65474,NA,NA,0
"HS",2017,201701,"January 2017",4,0,1,"Imports",398,"Kazakhstan",NA,643,"Russian Federation",NA,NA,NA,NA,NA,NA,NA,NA,302,"Fish; fresh or chilled (excluding fish fillets and other fish meat of heading no. 0304)",NA,NA,NA,NA,NA,NA,27918,NA,44454,NA,NA,0
"HS",2017,201704,"April 2017",4,0,1,"Imports",703,"Slovakia",NA,643,"Russian Federation",NA,NA,NA,NA,NA,NA,NA,NA,302,"Fish; fresh or chilled (excluding fish fillets and other fish meat of heading no. 0304)",NA,NA,NA,NA,NA,NA,481,NA,4238,NA,NA,0
"HS",2017,201712,"December 2017",4,0,1,"Imports",398,"Kazakhstan",NA,643,"Russian Federation",NA,NA,NA,NA,NA,NA,NA,NA,302,"Fish; fresh or chilled (excluding fish fillets and other fish meat of heading no. 0304)",NA,NA,NA,NA,NA,NA,1058,NA,19896,NA,NA,0
"HS",2017,201710,"October 2017",4,0,1,"Imports",398,"Kazakhstan",NA,643,"Russian Federation",NA,NA,NA,NA,NA,NA,NA,NA,302,"Fish; fresh or chilled (excluding fish fillets and other fish meat of heading no. 0304)",NA,NA,NA,NA,NA,NA,60419,NA,93360,NA,NA,0
"HS",2017,201711,"November 2017",4,0,1,"Imports",398,"Kazakhstan",NA,643,"Russian Federation",NA,NA,NA,NA,NA,NA,NA,NA,302,"Fish; fresh or chilled (excluding fish fillets and other fish meat of heading no. 0304)",NA,NA,NA,NA,NA,NA,44157,NA,65017,NA,NA,0
"HS",2017,201702,"February 2017",4,0,1,"Imports",703,"Slovakia",NA,643,"Russian Federation",NA,NA,NA,NA,NA,NA,NA,NA,302,"Fish; fresh or chilled (excluding fish fillets and other fish meat of heading no. 0304)",NA,NA,NA,NA,NA,NA,478,NA,4103,NA,NA,0
"HS",2017,201709,"September 2017",4,0,1,"Imports",398,"Kazakhstan",NA,643,"Russian Federation",NA,NA,NA,NA,NA,NA,NA,NA,302,"Fish; fresh or chilled (excluding fish fillets and other fish meat of heading no. 0304)",NA,NA,NA,NA,NA,NA,54603,NA,70373,NA,NA,0
"HS",2017,201707,"July 2017",4,0,1,"Imports",703,"Slovakia",NA,643,"Russian Federation",NA,NA,NA,NA,NA,NA,NA,NA,302,"Fish; fresh or chilled (excluding fish fillets and other fish meat of heading no. 0304)",NA,NA,NA,NA,NA,NA,563,NA,5474,NA,NA,0
"HS",2017,201712,"December 2017",4,0,1,"Imports",703,"Slovakia",NA,643,"Russian Federation",NA,NA,NA,NA,NA,NA,NA,NA,302,"Fish; fresh or chilled (excluding fish fillets and other fish meat of heading no. 0304)",NA,NA,NA,NA,NA,NA,600,NA,6040,NA,NA,0
"HS",2017,201701,"January 2017",4,0,1,"Imports",764,"Thailand",NA,643,"Russian Federation",NA,NA,NA,NA,NA,NA,NA,NA,302,"Fish; fresh or chilled (excluding fish fillets and other fish meat of heading no. 0304)",NA,NA,NA,NA,NA,NA,11,NA,275,NA,NA,0
"HS",2017,201705,"May 2017",4,0,1,"Imports",703,"Slovakia",NA,643,"Russian Federation",NA,NA,NA,NA,NA,NA,NA,NA,302,"Fish; fresh or chilled (excluding fish fillets and other fish meat of heading no. 0304)",NA,NA,NA,NA,NA,NA,610,NA,5594,NA,NA,0
"HS",2017,201701,"January 2017",4,0,1,"Imports",703,"Slovakia",NA,643,"Russian Federation",NA,NA,NA,NA,NA,NA,NA,NA,302,"Fish; fresh or chilled (excluding fish fillets and other fish meat of heading no. 0304)",NA,NA,NA,NA,NA,NA,392,NA,3326,NA,NA,0
"HS",2017,201708,"August 2017",4,0,1,"Imports",703,"Slovakia",NA,643,"Russian Federation",NA,NA,NA,NA,NA,NA,NA,NA,302,"Fish; fresh or chilled (excluding fish fillets and other fish meat of heading no. 0304)",NA,NA,NA,NA,NA,NA,694,NA,6850,NA,NA,0
"HS",2017,201703,"March 2017",4,0,1,"Imports",703,"Slovakia",NA,643,"Russian Federation",NA,NA,NA,NA,NA,NA,NA,NA,302,"Fish; fresh or chilled (excluding fish fillets and other fish meat of heading no. 0304)",NA,NA,NA,NA,NA,NA,592,NA,5149,NA,NA,0
"HS",2017,201709,"September 2017",4,0,1,"Imports",975,"",NA,643,"Russian Federation",NA,NA,NA,NA,NA,NA,NA,NA,302,"Fish; fresh or chilled (excluding fish fillets and other fish meat of heading no. 0304)",NA,NA,NA,NA,NA,NA,NA,NA,22,NA,NA,0
"HS",2017,201712,"December 2017",4,0,1,"Imports",975,"",NA,643,"Russian Federation",NA,NA,NA,NA,NA,NA,NA,NA,302,"Fish; fresh or chilled (excluding fish fillets and other fish meat of heading no. 0304)",NA,NA,NA,NA,NA,NA,372,NA,4041,NA,NA,0
"HS",2017,201707,"July 2017",4,0,1,"Imports",975,"",NA,643,"Russian Federation",NA,NA,NA,NA,NA,NA,NA,NA,302,"Fish; fresh or chilled (excluding fish fillets and other fish meat of heading no. 0304)",NA,NA,NA,NA,NA,NA,2714,NA,23539,NA,NA,0
"HS",2017,201708,"August 2017",4,0,1,"Imports",975,"",NA,643,"Russian Federation",NA,NA,NA,NA,NA,NA,NA,NA,302,"Fish; fresh or chilled (excluding fish fillets and other fish meat of heading no. 0304)",NA,NA,NA,NA,NA,NA,359,NA,3525,NA,NA,0
"HS",2017,201703,"March 2017",4,0,1,"Imports",975,"",NA,643,"Russian Federation",NA,NA,NA,NA,NA,NA,NA,NA,302,"Fish; fresh or chilled (excluding fish fillets and other fish meat of heading no. 0304)",NA,NA,NA,NA,NA,NA,8,NA,56,NA,NA,0
"HS",2017,201701,"January 2017",4,0,1,"Imports",975,"",NA,643,"Russian Federation",NA,NA,NA,NA,NA,NA,NA,NA,302,"Fish; fresh or chilled (excluding fish fillets and other fish meat of heading no. 0304)",NA,NA,NA,NA,NA,NA,26,NA,275,NA,NA,0
"HS",2017,201706,"June 2017",4,0,1,"Imports",975,"",NA,643,"Russian Federation",NA,NA,NA,NA,NA,NA,NA,NA,302,"Fish; fresh or chilled (excluding fish fillets and other fish meat of heading no. 0304)",NA,NA,NA,NA,NA,NA,24,NA,178,NA,NA,0
"HS",2017,201712,"December 2017",4,0,1,"Imports",528,"Netherlands",NA,643,"Russian Federation",NA,NA,NA,NA,NA,NA,NA,NA,302,"Fish; fresh or chilled (excluding fish fillets and other fish meat of heading no. 0304)",NA,NA,NA,NA,NA,NA,1650,NA,13688,NA,NA,0
"HS",2017,201701,"January 2017",4,0,1,"Imports",768,"Togo",NA,643,"Russian Federation",NA,NA,NA,NA,NA,NA,NA,NA,302,"Fish; fresh or chilled (excluding fish fillets and other fish meat of heading no. 0304)",NA,NA,NA,NA,NA,NA,11920,NA,5786,NA,NA,0
"HS",2017,201711,"November 2017",4,0,1,"Imports",528,"Netherlands",NA,643,"Russian Federation",NA,NA,NA,NA,NA,NA,NA,NA,302,"Fish; fresh or chilled (excluding fish fillets and other fish meat of heading no. 0304)",NA,NA,NA,NA,NA,NA,500,NA,4369,NA,NA,0
"HS",2017,201710,"October 2017",4,0,1,"Imports",528,"Netherlands",NA,643,"Russian Federation",NA,NA,NA,NA,NA,NA,NA,NA,302,"Fish; fresh or chilled (excluding fish fillets and other fish meat of heading no. 0304)",NA,NA,NA,NA,NA,NA,150,NA,1111,NA,NA,0
